{
    "madison": 48313,
    "parker": 48367,
    "stephens": 48429,
    "houston": 48225,
    "brazoria": 48039,
    "marion": 48315,
    "fayette": 48149,
    "cameron": 48061,
    "wilbarger": 48487,
    "gillespie": 48171,
    "caldwell": 48055,
    "bosque": 48035,
    "young": 48503,
    "san saba": 48411,
    "shelby": 48419,
    "hall": 48191,
    "henderson": 48213,
    "brown": 48049,
    "palo pinto": 48363,
    "hays": 48209,
    "deaf smith": 48117,
    "hockley": 48219,
    "wharton": 48481,
    "jack": 48237,
    "la salle": 48283,
    "lynn": 48305,
    "gray": 48179,
    "hardin": 48199,
    "titus": 48449,
    "mcculloch": 48307,
    "concho": 48095,
    "navarro": 48349,
    "somervell": 48425,
    "tarrant": 48439,
    "san patricio": 48409,
    "comanche": 48093,
    "presidio": 48377,
    "atascosa": 48013,
    "travis": 48453,
    "bandera": 48019,
    "castro": 48069,
    "callahan": 48059,
    "parmer": 48369,
    "val verde": 48465,
    "brewster": 48043,
    "burnet": 48053,
    "calhoun": 48057,
    "liberty": 48291,
    "jim hogg": 48247,
    "schleicher": 48413,
    "hudspeth": 48229,
    "maverick": 48323,
    "throckmorton": 48447,
    "lamar": 48277,
    "angelina": 48005,
    "lee": 48287,
    "zavala": 48507,
    "andrews": 48003,
    "taylor": 48441,
    "cooke": 48097,
    "upton": 48461,
    "franklin": 48159,
    "burleson": 48051,
    "king": 48269,
    "winkler": 48495,
    "bell": 48027,
    "panola": 48365,
    "reagan": 48383,
    "leon": 48289,
    "foard": 48155,
    "crosby": 48107,
    "polk": 48373,
    "lipscomb": 48295,
    "midland": 48329,
    "howard": 48227,
    "oldham": 48359,
    "live oak": 48297,
    "wood": 48499,
    "donley": 48129,
    "robertson": 48395,
    "trinity": 48455,
    "loving": 48301,
    "irion": 48235,
    "starr": 48427,
    "wheeler": 48483,
    "crockett": 48105,
    "floyd": 48153,
    "garza": 48169,
    "eastland": 48133,
    "ward": 48475,
    "reeves": 48389,
    "red river": 48387,
    "hansford": 48195,
    "coryell": 48099,
    "archer": 48009,
    "cass": 48067,
    "waller": 48473,
    "terrell": 48443,
    "mitchell": 48335,
    "grimes": 48185,
    "llano": 48299,
    "fannin": 48147,
    "lamb": 48279,
    "lubbock": 48303,
    "gregg": 48183,
    "swisher": 48437,
    "ellis": 48139,
    "dickens": 48125,
    "mclennan": 48309,
    "jim wells": 48249,
    "sterling": 48431,
    "sabine": 48403,
    "montague": 48337,
    "harris": 48201,
    "johnson": 48251,
    "blanco": 48031,
    "el paso": 48141,
    "hale": 48189,
    "kleberg": 48273,
    "upshur": 48459,
    "galveston": 48167,
    "kendall": 48259,
    "newton": 48351,
    "briscoe": 48045,
    "collingsworth": 48087,
    "limestone": 48293,
    "san augustine": 48405,
    "harrison": 48203,
    "grayson": 48181,
    "rains": 48379,
    "denton": 48121,
    "bowie": 48037,
    "tom green": 48451,
    "smith": 48423,
    "erath": 48143,
    "tyler": 48457,
    "orange": 48361,
    "real": 48385,
    "matagorda": 48321,
    "motley": 48345,
    "washington": 48477,
    "ochiltree": 48357,
    "hamilton": 48193,
    "cottle": 48101,
    "knox": 48275,
    "coleman": 48083,
    "childress": 48075,
    "culberson": 48109,
    "menard": 48327,
    "ector": 48135,
    "hunt": 48231,
    "kerr": 48265,
    "glasscock": 48173,
    "scurry": 48415,
    "morris": 48343,
    "clay": 48077,
    "yoakum": 48501,
    "refugio": 48391,
    "webb": 48479,
    "milam": 48331,
    "van zandt": 48467,
    "hartley": 48205,
    "jackson": 48239,
    "pecos": 48371,
    "gonzales": 48177,
    "dewitt": 48123,
    "mason": 48319,
    "hill": 48217,
    "kent": 48263,
    "jeff davis": 48243,
    "willacy": 48489,
    "runnels": 48399,
    "martin": 48317,
    "brooks": 48047,
    "cochran": 48079,
    "randall": 48381,
    "falls": 48145,
    "baylor": 48023,
    "uvalde": 48463,
    "hopkins": 48223,
    "hutchinson": 48233,
    "stonewall": 48433,
    "lavaca": 48285,
    "gaines": 48165,
    "austin": 48015,
    "mcmullen": 48311,
    "colorado": 48089,
    "potter": 48375,
    "kenedy": 48261,
    "haskell": 48207,
    "jasper": 48241,
    "lampasas": 48281,
    "hemphill": 48211,
    "bastrop": 48021,
    "hardeman": 48197,
    "hidalgo": 48215,
    "hood": 48221,
    "bexar": 48029,
    "rockwall": 48397,
    "guadalupe": 48187,
    "kinney": 48271,
    "duval": 48131,
    "karnes": 48255,
    "carson": 48065,
    "anderson": 48001,
    "williamson": 48491,
    "fort bend": 48157,
    "coke": 48081,
    "brazos": 48041,
    "delta": 48119,
    "san jacinto": 48407,
    "crane": 48103,
    "shackelford": 48417,
    "rusk": 48401,
    "wise": 48497,
    "bee": 48025,
    "roberts": 48393,
    "borden": 48033,
    "aransas": 48007,
    "moore": 48341,
    "armstrong": 48011,
    "freestone": 48161,
    "kaufman": 48257,
    "kimble": 48267,
    "chambers": 48071,
    "nueces": 48355,
    "dawson": 48115,
    "wilson": 48493,
    "zapata": 48505,
    "dallas": 48113,
    "cherokee": 48073,
    "collin": 48085,
    "edwards": 48137,
    "mills": 48333,
    "montgomery": 48339,
    "jefferson": 48245,
    "bailey": 48017,
    "dallam": 48111,
    "nacogdoches": 48347,
    "goliad": 48175,
    "sherman": 48421,
    "medina": 48325,
    "victoria": 48469,
    "frio": 48163,
    "nolan": 48353,
    "terry": 48445,
    "fisher": 48151,
    "jones": 48253,
    "sutton": 48435,
    "camp": 48063,
    "wichita": 48485,
    "comal": 48091,
    "walker": 48471,
    "dimmit": 48127
}